"filename", "language", "Markdown", "Python", "JSON", "Dart", "YAML", "Groovy", "Properties", "XML", "JavaScript", "TypeScript", "Svelte", "CSS", "JSON with Comments", "HTML", "Swift", "C++", "comment", "blank", "total"
"/Users/carltonaikins/Desktop/Home/Programming/projects/budgetme/.vscodecounter/2022-07-12_14-51-29/details.md", "Markdown", 235, 0, 0, 0, 0, 0, 0, 0, 0, 0, 0, 0, 0, 0, 0, 0, 0, 6, 241
"/Users/carltonaikins/Desktop/Home/Programming/projects/budgetme/.vscodecounter/2022-07-12_14-51-29/diff-details.md", "Markdown", 9, 0, 0, 0, 0, 0, 0, 0, 0, 0, 0, 0, 0, 0, 0, 0, 0, 6, 15
"/Users/carltonaikins/Desktop/Home/Programming/projects/budgetme/.vscodecounter/2022-07-12_14-51-29/diff.md", "Markdown", 12, 0, 0, 0, 0, 0, 0, 0, 0, 0, 0, 0, 0, 0, 0, 0, 0, 7, 19
"/Users/carltonaikins/Desktop/Home/Programming/projects/budgetme/.vscodecounter/2022-07-12_14-51-29/results.json", "JSON", 0, 0, 1, 0, 0, 0, 0, 0, 0, 0, 0, 0, 0, 0, 0, 0, 0, 0, 1
"/Users/carltonaikins/Desktop/Home/Programming/projects/budgetme/.vscodecounter/2022-07-12_14-51-29/results.md", "Markdown", 113, 0, 0, 0, 0, 0, 0, 0, 0, 0, 0, 0, 0, 0, 0, 0, 0, 7, 120
"/Users/carltonaikins/Desktop/Home/Programming/projects/budgetme/README.md", "Markdown", 30, 0, 0, 0, 0, 0, 0, 0, 0, 0, 0, 0, 0, 0, 0, 0, 31, 27, 88
"/Users/carltonaikins/Desktop/Home/Programming/projects/budgetme/budgetme_mobileapp/android/app/build.gradle", "Groovy", 0, 0, 0, 0, 0, 59, 0, 0, 0, 0, 0, 0, 0, 0, 0, 0, 3, 13, 75
"/Users/carltonaikins/Desktop/Home/Programming/projects/budgetme/budgetme_mobileapp/android/app/google-services.json", "JSON", 0, 0, 82, 0, 0, 0, 0, 0, 0, 0, 0, 0, 0, 0, 0, 0, 0, 0, 82
"/Users/carltonaikins/Desktop/Home/Programming/projects/budgetme/budgetme_mobileapp/android/app/src/debug/AndroidManifest.xml", "XML", 0, 0, 0, 0, 0, 0, 0, 5, 0, 0, 0, 0, 0, 0, 0, 0, 3, 1, 9
"/Users/carltonaikins/Desktop/Home/Programming/projects/budgetme/budgetme_mobileapp/android/app/src/main/AndroidManifest.xml", "XML", 0, 0, 0, 0, 0, 0, 0, 30, 0, 0, 0, 0, 0, 0, 0, 0, 6, 1, 37
"/Users/carltonaikins/Desktop/Home/Programming/projects/budgetme/budgetme_mobileapp/android/app/src/main/res/drawable-v21/launch_background.xml", "XML", 0, 0, 0, 0, 0, 0, 0, 4, 0, 0, 0, 0, 0, 0, 0, 0, 7, 2, 13
"/Users/carltonaikins/Desktop/Home/Programming/projects/budgetme/budgetme_mobileapp/android/app/src/main/res/drawable/launch_background.xml", "XML", 0, 0, 0, 0, 0, 0, 0, 4, 0, 0, 0, 0, 0, 0, 0, 0, 7, 2, 13
"/Users/carltonaikins/Desktop/Home/Programming/projects/budgetme/budgetme_mobileapp/android/app/src/main/res/values-night/styles.xml", "XML", 0, 0, 0, 0, 0, 0, 0, 9, 0, 0, 0, 0, 0, 0, 0, 0, 9, 1, 19
"/Users/carltonaikins/Desktop/Home/Programming/projects/budgetme/budgetme_mobileapp/android/app/src/main/res/values/styles.xml", "XML", 0, 0, 0, 0, 0, 0, 0, 9, 0, 0, 0, 0, 0, 0, 0, 0, 9, 1, 19
"/Users/carltonaikins/Desktop/Home/Programming/projects/budgetme/budgetme_mobileapp/android/app/src/profile/AndroidManifest.xml", "XML", 0, 0, 0, 0, 0, 0, 0, 4, 0, 0, 0, 0, 0, 0, 0, 0, 3, 1, 8
"/Users/carltonaikins/Desktop/Home/Programming/projects/budgetme/budgetme_mobileapp/android/build.gradle", "Groovy", 0, 0, 0, 0, 0, 30, 0, 0, 0, 0, 0, 0, 0, 0, 0, 0, 0, 5, 35
"/Users/carltonaikins/Desktop/Home/Programming/projects/budgetme/budgetme_mobileapp/android/gradle.properties", "Properties", 0, 0, 0, 0, 0, 0, 3, 0, 0, 0, 0, 0, 0, 0, 0, 0, 0, 1, 4
"/Users/carltonaikins/Desktop/Home/Programming/projects/budgetme/budgetme_mobileapp/android/gradle/wrapper/gradle-wrapper.properties", "Properties", 0, 0, 0, 0, 0, 0, 5, 0, 0, 0, 0, 0, 0, 0, 0, 0, 1, 1, 7
"/Users/carltonaikins/Desktop/Home/Programming/projects/budgetme/budgetme_mobileapp/android/settings.gradle", "Groovy", 0, 0, 0, 0, 0, 8, 0, 0, 0, 0, 0, 0, 0, 0, 0, 0, 0, 4, 12
"/Users/carltonaikins/Desktop/Home/Programming/projects/budgetme/budgetme_mobileapp/ios/Runner/AppDelegate.swift", "Swift", 0, 0, 0, 0, 0, 0, 0, 0, 0, 0, 0, 0, 0, 0, 15, 0, 0, 4, 19
"/Users/carltonaikins/Desktop/Home/Programming/projects/budgetme/budgetme_mobileapp/ios/Runner/Assets.xcassets/AppIcon.appiconset/Contents.json", "JSON", 0, 0, 122, 0, 0, 0, 0, 0, 0, 0, 0, 0, 0, 0, 0, 0, 0, 1, 123
"/Users/carltonaikins/Desktop/Home/Programming/projects/budgetme/budgetme_mobileapp/ios/Runner/Assets.xcassets/LaunchImage.imageset/Contents.json", "JSON", 0, 0, 23, 0, 0, 0, 0, 0, 0, 0, 0, 0, 0, 0, 0, 0, 0, 1, 24
"/Users/carltonaikins/Desktop/Home/Programming/projects/budgetme/budgetme_mobileapp/ios/Runner/Assets.xcassets/LaunchImage.imageset/README.md", "Markdown", 3, 0, 0, 0, 0, 0, 0, 0, 0, 0, 0, 0, 0, 0, 0, 0, 0, 2, 5
"/Users/carltonaikins/Desktop/Home/Programming/projects/budgetme/budgetme_mobileapp/ios/Runner/Base.lproj/LaunchScreen.storyboard", "XML", 0, 0, 0, 0, 0, 0, 0, 36, 0, 0, 0, 0, 0, 0, 0, 0, 1, 1, 38
"/Users/carltonaikins/Desktop/Home/Programming/projects/budgetme/budgetme_mobileapp/ios/Runner/Base.lproj/Main.storyboard", "XML", 0, 0, 0, 0, 0, 0, 0, 28, 0, 0, 0, 0, 0, 0, 0, 0, 1, 1, 30
"/Users/carltonaikins/Desktop/Home/Programming/projects/budgetme/budgetme_mobileapp/ios/Runner/Runner-Bridging-Header.h", "C++", 0, 0, 0, 0, 0, 0, 0, 0, 0, 0, 0, 0, 0, 0, 0, 1, 0, 1, 2
"/Users/carltonaikins/Desktop/Home/Programming/projects/budgetme/budgetme_mobileapp/ios/firebase_app_id_file.json", "JSON", 0, 0, 7, 0, 0, 0, 0, 0, 0, 0, 0, 0, 0, 0, 0, 0, 0, 0, 7
"/Users/carltonaikins/Desktop/Home/Programming/projects/budgetme/budgetme_mobileapp/l10n.yaml", "YAML", 0, 0, 0, 0, 3, 0, 0, 0, 0, 0, 0, 0, 0, 0, 0, 0, 0, 1, 4
"/Users/carltonaikins/Desktop/Home/Programming/projects/budgetme/budgetme_mobileapp/lib/firebase_options.dart", "Dart", 0, 0, 0, 53, 0, 0, 0, 0, 0, 0, 0, 0, 0, 0, 0, 0, 31, 7, 91
"/Users/carltonaikins/Desktop/Home/Programming/projects/budgetme/budgetme_mobileapp/lib/l10n/_messages_all.dart", "Dart", 0, 0, 0, 84, 0, 0, 0, 0, 0, 0, 0, 0, 0, 0, 0, 0, 11, 10, 105
"/Users/carltonaikins/Desktop/Home/Programming/projects/budgetme/budgetme_mobileapp/lib/l10n/_messages_ar.dart", "Dart", 0, 0, 0, 27, 0, 0, 0, 0, 0, 0, 0, 0, 0, 0, 0, 0, 11, 9, 47
"/Users/carltonaikins/Desktop/Home/Programming/projects/budgetme/budgetme_mobileapp/lib/l10n/_messages_de.dart", "Dart", 0, 0, 0, 27, 0, 0, 0, 0, 0, 0, 0, 0, 0, 0, 0, 0, 11, 9, 47
"/Users/carltonaikins/Desktop/Home/Programming/projects/budgetme/budgetme_mobileapp/lib/l10n/_messages_en.dart", "Dart", 0, 0, 0, 27, 0, 0, 0, 0, 0, 0, 0, 0, 0, 0, 0, 0, 11, 9, 47
"/Users/carltonaikins/Desktop/Home/Programming/projects/budgetme/budgetme_mobileapp/lib/l10n/_messages_es.dart", "Dart", 0, 0, 0, 27, 0, 0, 0, 0, 0, 0, 0, 0, 0, 0, 0, 0, 11, 9, 47
"/Users/carltonaikins/Desktop/Home/Programming/projects/budgetme/budgetme_mobileapp/lib/l10n/_messages_fr.dart", "Dart", 0, 0, 0, 27, 0, 0, 0, 0, 0, 0, 0, 0, 0, 0, 0, 0, 11, 9, 47
"/Users/carltonaikins/Desktop/Home/Programming/projects/budgetme/budgetme_mobileapp/lib/l10n/_messages_he.dart", "Dart", 0, 0, 0, 27, 0, 0, 0, 0, 0, 0, 0, 0, 0, 0, 0, 0, 11, 9, 47
"/Users/carltonaikins/Desktop/Home/Programming/projects/budgetme/budgetme_mobileapp/lib/l10n/_messages_ja.dart", "Dart", 0, 0, 0, 27, 0, 0, 0, 0, 0, 0, 0, 0, 0, 0, 0, 0, 11, 9, 47
"/Users/carltonaikins/Desktop/Home/Programming/projects/budgetme/budgetme_mobileapp/lib/l10n/_messages_ko.dart", "Dart", 0, 0, 0, 27, 0, 0, 0, 0, 0, 0, 0, 0, 0, 0, 0, 0, 11, 9, 47
"/Users/carltonaikins/Desktop/Home/Programming/projects/budgetme/budgetme_mobileapp/lib/l10n/_messages_pt.dart", "Dart", 0, 0, 0, 27, 0, 0, 0, 0, 0, 0, 0, 0, 0, 0, 0, 0, 11, 9, 47
"/Users/carltonaikins/Desktop/Home/Programming/projects/budgetme/budgetme_mobileapp/lib/l10n/_messages_ru.dart", "Dart", 0, 0, 0, 27, 0, 0, 0, 0, 0, 0, 0, 0, 0, 0, 0, 0, 11, 9, 47
"/Users/carltonaikins/Desktop/Home/Programming/projects/budgetme/budgetme_mobileapp/lib/l10n/_messages_zh.dart", "Dart", 0, 0, 0, 27, 0, 0, 0, 0, 0, 0, 0, 0, 0, 0, 0, 0, 11, 9, 47
"/Users/carltonaikins/Desktop/Home/Programming/projects/budgetme/budgetme_mobileapp/lib/l10n/intl_ar.arb", "JSON", 0, 0, 286, 0, 0, 0, 0, 0, 0, 0, 0, 0, 0, 0, 0, 0, 0, 0, 286
"/Users/carltonaikins/Desktop/Home/Programming/projects/budgetme/budgetme_mobileapp/lib/l10n/intl_de.arb", "JSON", 0, 0, 286, 0, 0, 0, 0, 0, 0, 0, 0, 0, 0, 0, 0, 0, 0, 0, 286
"/Users/carltonaikins/Desktop/Home/Programming/projects/budgetme/budgetme_mobileapp/lib/l10n/intl_en.arb", "JSON", 0, 0, 286, 0, 0, 0, 0, 0, 0, 0, 0, 0, 0, 0, 0, 0, 0, 1, 287
"/Users/carltonaikins/Desktop/Home/Programming/projects/budgetme/budgetme_mobileapp/lib/l10n/intl_es.arb", "JSON", 0, 0, 286, 0, 0, 0, 0, 0, 0, 0, 0, 0, 0, 0, 0, 0, 0, 0, 286
"/Users/carltonaikins/Desktop/Home/Programming/projects/budgetme/budgetme_mobileapp/lib/l10n/intl_fr.arb", "JSON", 0, 0, 286, 0, 0, 0, 0, 0, 0, 0, 0, 0, 0, 0, 0, 0, 0, 0, 286
"/Users/carltonaikins/Desktop/Home/Programming/projects/budgetme/budgetme_mobileapp/lib/l10n/intl_he.arb", "JSON", 0, 0, 286, 0, 0, 0, 0, 0, 0, 0, 0, 0, 0, 0, 0, 0, 0, 0, 286
"/Users/carltonaikins/Desktop/Home/Programming/projects/budgetme/budgetme_mobileapp/lib/l10n/intl_ja.arb", "JSON", 0, 0, 286, 0, 0, 0, 0, 0, 0, 0, 0, 0, 0, 0, 0, 0, 0, 0, 286
"/Users/carltonaikins/Desktop/Home/Programming/projects/budgetme/budgetme_mobileapp/lib/l10n/intl_ko.arb", "JSON", 0, 0, 286, 0, 0, 0, 0, 0, 0, 0, 0, 0, 0, 0, 0, 0, 0, 0, 286
"/Users/carltonaikins/Desktop/Home/Programming/projects/budgetme/budgetme_mobileapp/lib/l10n/intl_pt.arb", "JSON", 0, 0, 286, 0, 0, 0, 0, 0, 0, 0, 0, 0, 0, 0, 0, 0, 0, 0, 286
"/Users/carltonaikins/Desktop/Home/Programming/projects/budgetme/budgetme_mobileapp/lib/l10n/intl_ru.arb", "JSON", 0, 0, 286, 0, 0, 0, 0, 0, 0, 0, 0, 0, 0, 0, 0, 0, 0, 0, 286
"/Users/carltonaikins/Desktop/Home/Programming/projects/budgetme/budgetme_mobileapp/lib/l10n/intl_zh.arb", "JSON", 0, 0, 286, 0, 0, 0, 0, 0, 0, 0, 0, 0, 0, 0, 0, 0, 0, 0, 286
"/Users/carltonaikins/Desktop/Home/Programming/projects/budgetme/budgetme_mobileapp/lib/l10n/l10n.dart", "Dart", 0, 0, 0, 84, 0, 0, 0, 0, 0, 0, 0, 0, 0, 0, 0, 0, 67, 67, 218
"/Users/carltonaikins/Desktop/Home/Programming/projects/budgetme/budgetme_mobileapp/lib/l10n/messages_all.dart", "Dart", 0, 0, 0, 84, 0, 0, 0, 0, 0, 0, 0, 0, 0, 0, 0, 0, 11, 10, 105
"/Users/carltonaikins/Desktop/Home/Programming/projects/budgetme/budgetme_mobileapp/lib/l10n/messages_ar.dart", "Dart", 0, 0, 0, 82, 0, 0, 0, 0, 0, 0, 0, 0, 0, 0, 0, 0, 9, 14, 105
"/Users/carltonaikins/Desktop/Home/Programming/projects/budgetme/budgetme_mobileapp/lib/l10n/messages_de.dart", "Dart", 0, 0, 0, 82, 0, 0, 0, 0, 0, 0, 0, 0, 0, 0, 0, 0, 9, 14, 105
"/Users/carltonaikins/Desktop/Home/Programming/projects/budgetme/budgetme_mobileapp/lib/l10n/messages_en.dart", "Dart", 0, 0, 0, 84, 0, 0, 0, 0, 0, 0, 0, 0, 0, 0, 0, 0, 9, 14, 107
"/Users/carltonaikins/Desktop/Home/Programming/projects/budgetme/budgetme_mobileapp/lib/l10n/messages_es.dart", "Dart", 0, 0, 0, 82, 0, 0, 0, 0, 0, 0, 0, 0, 0, 0, 0, 0, 9, 14, 105
"/Users/carltonaikins/Desktop/Home/Programming/projects/budgetme/budgetme_mobileapp/lib/l10n/messages_fr.dart", "Dart", 0, 0, 0, 82, 0, 0, 0, 0, 0, 0, 0, 0, 0, 0, 0, 0, 9, 14, 105
"/Users/carltonaikins/Desktop/Home/Programming/projects/budgetme/budgetme_mobileapp/lib/l10n/messages_he.dart", "Dart", 0, 0, 0, 82, 0, 0, 0, 0, 0, 0, 0, 0, 0, 0, 0, 0, 9, 14, 105
"/Users/carltonaikins/Desktop/Home/Programming/projects/budgetme/budgetme_mobileapp/lib/l10n/messages_ja.dart", "Dart", 0, 0, 0, 82, 0, 0, 0, 0, 0, 0, 0, 0, 0, 0, 0, 0, 9, 14, 105
"/Users/carltonaikins/Desktop/Home/Programming/projects/budgetme/budgetme_mobileapp/lib/l10n/messages_ko.dart", "Dart", 0, 0, 0, 82, 0, 0, 0, 0, 0, 0, 0, 0, 0, 0, 0, 0, 9, 14, 105
"/Users/carltonaikins/Desktop/Home/Programming/projects/budgetme/budgetme_mobileapp/lib/l10n/messages_pt.dart", "Dart", 0, 0, 0, 82, 0, 0, 0, 0, 0, 0, 0, 0, 0, 0, 0, 0, 9, 14, 105
"/Users/carltonaikins/Desktop/Home/Programming/projects/budgetme/budgetme_mobileapp/lib/l10n/messages_ru.dart", "Dart", 0, 0, 0, 82, 0, 0, 0, 0, 0, 0, 0, 0, 0, 0, 0, 0, 9, 14, 105
"/Users/carltonaikins/Desktop/Home/Programming/projects/budgetme/budgetme_mobileapp/lib/l10n/messages_zh.dart", "Dart", 0, 0, 0, 82, 0, 0, 0, 0, 0, 0, 0, 0, 0, 0, 0, 0, 9, 14, 105
"/Users/carltonaikins/Desktop/Home/Programming/projects/budgetme/budgetme_mobileapp/lib/main.dart", "Dart", 0, 0, 0, 112, 0, 0, 0, 0, 0, 0, 0, 0, 0, 0, 0, 0, 26, 19, 157
"/Users/carltonaikins/Desktop/Home/Programming/projects/budgetme/budgetme_mobileapp/lib/src/config/constants.dart", "Dart", 0, 0, 0, 69, 0, 0, 0, 0, 0, 0, 0, 0, 0, 0, 0, 0, 22, 25, 116
"/Users/carltonaikins/Desktop/Home/Programming/projects/budgetme/budgetme_mobileapp/lib/src/config/extensions.dart", "Dart", 0, 0, 0, 5, 0, 0, 0, 0, 0, 0, 0, 0, 0, 0, 0, 0, 17, 2, 24
"/Users/carltonaikins/Desktop/Home/Programming/projects/budgetme/budgetme_mobileapp/lib/src/config/themes/dark_theme/dark_color_palette.dart", "Dart", 0, 0, 0, 122, 0, 0, 0, 0, 0, 0, 0, 0, 0, 0, 0, 0, 18, 13, 153
"/Users/carltonaikins/Desktop/Home/Programming/projects/budgetme/budgetme_mobileapp/lib/src/config/themes/dark_theme/dark_theme.dart", "Dart", 0, 0, 0, 141, 0, 0, 0, 0, 0, 0, 0, 0, 0, 0, 0, 0, 20, 4, 165
"/Users/carltonaikins/Desktop/Home/Programming/projects/budgetme/budgetme_mobileapp/lib/src/config/themes/light_theme/light_color_palette.dart", "Dart", 0, 0, 0, 122, 0, 0, 0, 0, 0, 0, 0, 0, 0, 0, 0, 0, 18, 13, 153
"/Users/carltonaikins/Desktop/Home/Programming/projects/budgetme/budgetme_mobileapp/lib/src/config/themes/light_theme/light_theme.dart", "Dart", 0, 0, 0, 140, 0, 0, 0, 0, 0, 0, 0, 0, 0, 0, 0, 0, 20, 4, 164
"/Users/carltonaikins/Desktop/Home/Programming/projects/budgetme/budgetme_mobileapp/lib/src/config/themes/text_theme.dart", "Dart", 0, 0, 0, 108, 0, 0, 0, 0, 0, 0, 0, 0, 0, 0, 0, 0, 19, 6, 133
"/Users/carltonaikins/Desktop/Home/Programming/projects/budgetme/budgetme_mobileapp/lib/src/lang/budgetme_localizations.dart", "Dart", 0, 0, 0, 279, 0, 0, 0, 0, 0, 0, 0, 0, 0, 0, 0, 0, 35, 80, 394
"/Users/carltonaikins/Desktop/Home/Programming/projects/budgetme/budgetme_mobileapp/lib/src/lang/budgetme_localizations_delegate.dart", "Dart", 0, 0, 0, 13, 0, 0, 0, 0, 0, 0, 0, 0, 0, 0, 0, 0, 20, 8, 41
"/Users/carltonaikins/Desktop/Home/Programming/projects/budgetme/budgetme_mobileapp/lib/src/models/bm_notification.dart", "Dart", 0, 0, 0, 41, 0, 0, 0, 0, 0, 0, 0, 0, 0, 0, 0, 0, 20, 14, 75
"/Users/carltonaikins/Desktop/Home/Programming/projects/budgetme/budgetme_mobileapp/lib/src/models/goal.dart", "Dart", 0, 0, 0, 115, 0, 0, 0, 0, 0, 0, 0, 0, 0, 0, 0, 0, 35, 26, 176
"/Users/carltonaikins/Desktop/Home/Programming/projects/budgetme/budgetme_mobileapp/lib/src/models/transaction.dart", "Dart", 0, 0, 0, 68, 0, 0, 0, 0, 0, 0, 0, 0, 0, 0, 0, 0, 18, 13, 99
"/Users/carltonaikins/Desktop/Home/Programming/projects/budgetme/budgetme_mobileapp/lib/src/providers/balance_repository_provider.dart", "Dart", 0, 0, 0, 5, 0, 0, 0, 0, 0, 0, 0, 0, 0, 0, 0, 0, 19, 4, 28
"/Users/carltonaikins/Desktop/Home/Programming/projects/budgetme/budgetme_mobileapp/lib/src/providers/goal_repository_provider.dart", "Dart", 0, 0, 0, 6, 0, 0, 0, 0, 0, 0, 0, 0, 0, 0, 0, 0, 19, 4, 29
"/Users/carltonaikins/Desktop/Home/Programming/projects/budgetme/budgetme_mobileapp/lib/src/providers/notification_service_provider.dart", "Dart", 0, 0, 0, 5, 0, 0, 0, 0, 0, 0, 0, 0, 0, 0, 0, 0, 19, 4, 28
"/Users/carltonaikins/Desktop/Home/Programming/projects/budgetme/budgetme_mobileapp/lib/src/providers/theme_provider.dart", "Dart", 0, 0, 0, 13, 0, 0, 0, 0, 0, 0, 0, 0, 0, 0, 0, 0, 19, 7, 39
"/Users/carltonaikins/Desktop/Home/Programming/projects/budgetme/budgetme_mobileapp/lib/src/providers/unsplash_service_provider.dart", "Dart", 0, 0, 0, 5, 0, 0, 0, 0, 0, 0, 0, 0, 0, 0, 0, 0, 19, 4, 28
"/Users/carltonaikins/Desktop/Home/Programming/projects/budgetme/budgetme_mobileapp/lib/src/repositories/balance_repository.dart", "Dart", 0, 0, 0, 85, 0, 0, 0, 0, 0, 0, 0, 0, 0, 0, 0, 0, 20, 29, 134
"/Users/carltonaikins/Desktop/Home/Programming/projects/budgetme/budgetme_mobileapp/lib/src/repositories/goal_repository.dart", "Dart", 0, 0, 0, 38, 0, 0, 0, 0, 0, 0, 0, 0, 0, 0, 0, 0, 22, 18, 78
"/Users/carltonaikins/Desktop/Home/Programming/projects/budgetme/budgetme_mobileapp/lib/src/repositories/notifications_repository.dart", "Dart", 0, 0, 0, 42, 0, 0, 0, 0, 0, 0, 0, 0, 0, 0, 0, 0, 21, 14, 77
"/Users/carltonaikins/Desktop/Home/Programming/projects/budgetme/budgetme_mobileapp/lib/src/services/notification_service.dart", "Dart", 0, 0, 0, 53, 0, 0, 0, 0, 0, 0, 0, 0, 0, 0, 0, 0, 20, 13, 86
"/Users/carltonaikins/Desktop/Home/Programming/projects/budgetme/budgetme_mobileapp/lib/src/services/unsplash_service.dart", "Dart", 0, 0, 0, 14, 0, 0, 0, 0, 0, 0, 0, 0, 0, 0, 0, 0, 19, 6, 39
"/Users/carltonaikins/Desktop/Home/Programming/projects/budgetme/budgetme_mobileapp/lib/src/ui/components/back_button.dart", "Dart", 0, 0, 0, 24, 0, 0, 0, 0, 0, 0, 0, 0, 0, 0, 0, 0, 21, 7, 52
"/Users/carltonaikins/Desktop/Home/Programming/projects/budgetme/budgetme_mobileapp/lib/src/ui/components/box_shadow.dart", "Dart", 0, 0, 0, 24, 0, 0, 0, 0, 0, 0, 0, 0, 0, 0, 0, 0, 19, 5, 48
"/Users/carltonaikins/Desktop/Home/Programming/projects/budgetme/budgetme_mobileapp/lib/src/ui/components/close_button.dart", "Dart", 0, 0, 0, 18, 0, 0, 0, 0, 0, 0, 0, 0, 0, 0, 0, 0, 19, 5, 42
"/Users/carltonaikins/Desktop/Home/Programming/projects/budgetme/budgetme_mobileapp/lib/src/ui/components/monthly_savings_card.dart", "Dart", 0, 0, 0, 112, 0, 0, 0, 0, 0, 0, 0, 0, 0, 0, 0, 0, 21, 7, 140
"/Users/carltonaikins/Desktop/Home/Programming/projects/budgetme/budgetme_mobileapp/lib/src/ui/components/primary_button.dart", "Dart", 0, 0, 0, 228, 0, 0, 0, 0, 0, 0, 0, 0, 0, 0, 0, 0, 20, 29, 277
"/Users/carltonaikins/Desktop/Home/Programming/projects/budgetme/budgetme_mobileapp/lib/src/ui/components/show_purchase_pro_bottom_sheet.dart", "Dart", 0, 0, 0, 107, 0, 0, 0, 0, 0, 0, 0, 0, 0, 0, 0, 0, 21, 6, 134
"/Users/carltonaikins/Desktop/Home/Programming/projects/budgetme/budgetme_mobileapp/lib/src/ui/components/time_left_card.dart", "Dart", 0, 0, 0, 303, 0, 0, 0, 0, 0, 0, 0, 0, 0, 0, 0, 0, 21, 18, 342
"/Users/carltonaikins/Desktop/Home/Programming/projects/budgetme/budgetme_mobileapp/lib/src/ui/components/transaction_card.dart", "Dart", 0, 0, 0, 92, 0, 0, 0, 0, 0, 0, 0, 0, 0, 0, 0, 0, 27, 8, 127
"/Users/carltonaikins/Desktop/Home/Programming/projects/budgetme/budgetme_mobileapp/lib/src/ui/views/adjust_monthly_spending_limit_view/adjust_monthly_spending_limit_view.dart", "Dart", 0, 0, 0, 122, 0, 0, 0, 0, 0, 0, 0, 0, 0, 0, 0, 0, 20, 9, 151
"/Users/carltonaikins/Desktop/Home/Programming/projects/budgetme/budgetme_mobileapp/lib/src/ui/views/create_goal_view/bottom_sheet_views/view_five.dart", "Dart", 0, 0, 0, 197, 0, 0, 0, 0, 0, 0, 0, 0, 0, 0, 0, 0, 22, 21, 240
"/Users/carltonaikins/Desktop/Home/Programming/projects/budgetme/budgetme_mobileapp/lib/src/ui/views/create_goal_view/bottom_sheet_views/view_four.dart", "Dart", 0, 0, 0, 219, 0, 0, 0, 0, 0, 0, 0, 0, 0, 0, 0, 0, 20, 16, 255
"/Users/carltonaikins/Desktop/Home/Programming/projects/budgetme/budgetme_mobileapp/lib/src/ui/views/create_goal_view/bottom_sheet_views/view_one.dart", "Dart", 0, 0, 0, 206, 0, 0, 0, 0, 0, 0, 0, 0, 0, 0, 0, 0, 23, 17, 246
"/Users/carltonaikins/Desktop/Home/Programming/projects/budgetme/budgetme_mobileapp/lib/src/ui/views/create_goal_view/bottom_sheet_views/view_three.dart", "Dart", 0, 0, 0, 194, 0, 0, 0, 0, 0, 0, 0, 0, 0, 0, 0, 0, 21, 15, 230
"/Users/carltonaikins/Desktop/Home/Programming/projects/budgetme/budgetme_mobileapp/lib/src/ui/views/create_goal_view/bottom_sheet_views/view_two.dart", "Dart", 0, 0, 0, 152, 0, 0, 0, 0, 0, 0, 0, 0, 0, 0, 0, 0, 20, 15, 187
"/Users/carltonaikins/Desktop/Home/Programming/projects/budgetme/budgetme_mobileapp/lib/src/ui/views/create_goal_view/components/show_image_selection_bottom_sheet.dart", "Dart", 0, 0, 0, 362, 0, 0, 0, 0, 0, 0, 0, 0, 0, 0, 0, 0, 26, 38, 426
"/Users/carltonaikins/Desktop/Home/Programming/projects/budgetme/budgetme_mobileapp/lib/src/ui/views/create_goal_view/create_goal_view.dart", "Dart", 0, 0, 0, 90, 0, 0, 0, 0, 0, 0, 0, 0, 0, 0, 0, 0, 22, 16, 128
"/Users/carltonaikins/Desktop/Home/Programming/projects/budgetme/budgetme_mobileapp/lib/src/ui/views/dashboard_view/components/add_goal_button.dart", "Dart", 0, 0, 0, 40, 0, 0, 0, 0, 0, 0, 0, 0, 0, 0, 0, 0, 20, 8, 68
"/Users/carltonaikins/Desktop/Home/Programming/projects/budgetme/budgetme_mobileapp/lib/src/ui/views/dashboard_view/components/goal_card.dart", "Dart", 0, 0, 0, 161, 0, 0, 0, 0, 0, 0, 0, 0, 0, 0, 0, 0, 21, 8, 190
"/Users/carltonaikins/Desktop/Home/Programming/projects/budgetme/budgetme_mobileapp/lib/src/ui/views/dashboard_view/dashboard_view.dart", "Dart", 0, 0, 0, 179, 0, 0, 0, 0, 0, 0, 0, 0, 0, 0, 0, 0, 21, 17, 217
"/Users/carltonaikins/Desktop/Home/Programming/projects/budgetme/budgetme_mobileapp/lib/src/ui/views/goal_view/components/add_money_button.dart", "Dart", 0, 0, 0, 46, 0, 0, 0, 0, 0, 0, 0, 0, 0, 0, 0, 0, 20, 11, 77
"/Users/carltonaikins/Desktop/Home/Programming/projects/budgetme/budgetme_mobileapp/lib/src/ui/views/goal_view/components/goal_progress_card.dart", "Dart", 0, 0, 0, 93, 0, 0, 0, 0, 0, 0, 0, 0, 0, 0, 0, 0, 20, 7, 120
"/Users/carltonaikins/Desktop/Home/Programming/projects/budgetme/budgetme_mobileapp/lib/src/ui/views/goal_view/components/goal_view_header.dart", "Dart", 0, 0, 0, 129, 0, 0, 0, 0, 0, 0, 0, 0, 0, 0, 0, 0, 22, 7, 158
"/Users/carltonaikins/Desktop/Home/Programming/projects/budgetme/budgetme_mobileapp/lib/src/ui/views/goal_view/components/show_add_money_bottom_sheet.dart", "Dart", 0, 0, 0, 292, 0, 0, 0, 0, 0, 0, 0, 0, 0, 0, 0, 0, 20, 31, 343
"/Users/carltonaikins/Desktop/Home/Programming/projects/budgetme/budgetme_mobileapp/lib/src/ui/views/goal_view/components/show_goal_settings_bottom_sheet.dart", "Dart", 0, 0, 0, 125, 0, 0, 0, 0, 0, 0, 0, 0, 0, 0, 0, 0, 20, 5, 150
"/Users/carltonaikins/Desktop/Home/Programming/projects/budgetme/budgetme_mobileapp/lib/src/ui/views/goal_view/components/transaction_history_section.dart", "Dart", 0, 0, 0, 85, 0, 0, 0, 0, 0, 0, 0, 0, 0, 0, 0, 0, 20, 7, 112
"/Users/carltonaikins/Desktop/Home/Programming/projects/budgetme/budgetme_mobileapp/lib/src/ui/views/goal_view/goal_view.dart", "Dart", 0, 0, 0, 136, 0, 0, 0, 0, 0, 0, 0, 0, 0, 0, 0, 0, 23, 18, 177
"/Users/carltonaikins/Desktop/Home/Programming/projects/budgetme/budgetme_mobileapp/lib/src/ui/views/profile_view/components/purchase_pro_card.dart", "Dart", 0, 0, 0, 57, 0, 0, 0, 0, 0, 0, 0, 0, 0, 0, 0, 0, 21, 7, 85
"/Users/carltonaikins/Desktop/Home/Programming/projects/budgetme/budgetme_mobileapp/lib/src/ui/views/profile_view/components/settings_section.dart", "Dart", 0, 0, 0, 172, 0, 0, 0, 0, 0, 0, 0, 0, 0, 0, 0, 0, 21, 10, 203
"/Users/carltonaikins/Desktop/Home/Programming/projects/budgetme/budgetme_mobileapp/lib/src/ui/views/profile_view/profile_view.dart", "Dart", 0, 0, 0, 71, 0, 0, 0, 0, 0, 0, 0, 0, 0, 0, 0, 0, 20, 9, 100
"/Users/carltonaikins/Desktop/Home/Programming/projects/budgetme/budgetme_mobileapp/lib/src/ui/views/transaction_history_view/transaction_history_view.dart", "Dart", 0, 0, 0, 90, 0, 0, 0, 0, 0, 0, 0, 0, 0, 0, 0, 0, 20, 11, 121
"/Users/carltonaikins/Desktop/Home/Programming/projects/budgetme/budgetme_mobileapp/packages/gsheet_to_arb/CHANGELOG.md", "Markdown", 31, 0, 0, 0, 0, 0, 0, 0, 0, 0, 0, 0, 0, 0, 0, 0, 0, 21, 52
"/Users/carltonaikins/Desktop/Home/Programming/projects/budgetme/budgetme_mobileapp/packages/gsheet_to_arb/README.md", "Markdown", 93, 0, 0, 0, 0, 0, 0, 0, 0, 0, 0, 0, 0, 0, 0, 0, 0, 34, 127
"/Users/carltonaikins/Desktop/Home/Programming/projects/budgetme/budgetme_mobileapp/packages/gsheet_to_arb/analysis_options.yaml", "YAML", 0, 0, 0, 0, 1, 0, 0, 0, 0, 0, 0, 0, 0, 0, 0, 0, 0, 0, 1
"/Users/carltonaikins/Desktop/Home/Programming/projects/budgetme/budgetme_mobileapp/packages/gsheet_to_arb/bin/import.dart", "Dart", 0, 0, 0, 57, 0, 0, 0, 0, 0, 0, 0, 0, 0, 0, 0, 0, 5, 19, 81
"/Users/carltonaikins/Desktop/Home/Programming/projects/budgetme/budgetme_mobileapp/packages/gsheet_to_arb/doc/Authentication.md", "Markdown", 42, 0, 0, 0, 0, 0, 0, 0, 0, 0, 0, 0, 0, 0, 0, 0, 0, 8, 50
"/Users/carltonaikins/Desktop/Home/Programming/projects/budgetme/budgetme_mobileapp/packages/gsheet_to_arb/example/README.md", "Markdown", 13, 0, 0, 0, 0, 0, 0, 0, 0, 0, 0, 0, 0, 0, 0, 0, 0, 5, 18
"/Users/carltonaikins/Desktop/Home/Programming/projects/budgetme/budgetme_mobileapp/packages/gsheet_to_arb/example/lib/l10n/_messages_all.dart", "Dart", 0, 0, 0, 52, 0, 0, 0, 0, 0, 0, 0, 0, 0, 0, 0, 0, 10, 10, 72
"/Users/carltonaikins/Desktop/Home/Programming/projects/budgetme/budgetme_mobileapp/packages/gsheet_to_arb/example/lib/l10n/_messages_de.dart", "Dart", 0, 0, 0, 29, 0, 0, 0, 0, 0, 0, 0, 0, 0, 0, 0, 0, 9, 11, 49
"/Users/carltonaikins/Desktop/Home/Programming/projects/budgetme/budgetme_mobileapp/packages/gsheet_to_arb/example/lib/l10n/_messages_en.dart", "Dart", 0, 0, 0, 29, 0, 0, 0, 0, 0, 0, 0, 0, 0, 0, 0, 0, 9, 11, 49
"/Users/carltonaikins/Desktop/Home/Programming/projects/budgetme/budgetme_mobileapp/packages/gsheet_to_arb/example/lib/l10n/_messages_pl.dart", "Dart", 0, 0, 0, 29, 0, 0, 0, 0, 0, 0, 0, 0, 0, 0, 0, 0, 9, 11, 49
"/Users/carltonaikins/Desktop/Home/Programming/projects/budgetme/budgetme_mobileapp/packages/gsheet_to_arb/example/lib/l10n/intl_de.arb", "JSON", 0, 0, 93, 0, 0, 0, 0, 0, 0, 0, 0, 0, 0, 0, 0, 0, 0, 0, 93
"/Users/carltonaikins/Desktop/Home/Programming/projects/budgetme/budgetme_mobileapp/packages/gsheet_to_arb/example/lib/l10n/intl_en.arb", "JSON", 0, 0, 93, 0, 0, 0, 0, 0, 0, 0, 0, 0, 0, 0, 0, 0, 0, 0, 93
"/Users/carltonaikins/Desktop/Home/Programming/projects/budgetme/budgetme_mobileapp/packages/gsheet_to_arb/example/lib/l10n/intl_pl.arb", "JSON", 0, 0, 93, 0, 0, 0, 0, 0, 0, 0, 0, 0, 0, 0, 0, 0, 0, 0, 93
"/Users/carltonaikins/Desktop/Home/Programming/projects/budgetme/budgetme_mobileapp/packages/gsheet_to_arb/example/lib/l10n/l10n.dart", "Dart", 0, 0, 0, 40, 0, 0, 0, 0, 0, 0, 0, 0, 0, 0, 0, 0, 16, 12, 68
"/Users/carltonaikins/Desktop/Home/Programming/projects/budgetme/budgetme_mobileapp/packages/gsheet_to_arb/example/lib/main.dart", "Dart", 0, 0, 0, 18, 0, 0, 0, 0, 0, 0, 0, 0, 0, 0, 0, 0, 1, 9, 28
"/Users/carltonaikins/Desktop/Home/Programming/projects/budgetme/budgetme_mobileapp/packages/gsheet_to_arb/example/pubspec.yaml", "YAML", 0, 0, 0, 0, 22, 0, 0, 0, 0, 0, 0, 0, 0, 0, 0, 0, 0, 5, 27
"/Users/carltonaikins/Desktop/Home/Programming/projects/budgetme/budgetme_mobileapp/packages/gsheet_to_arb/example/test/tests.dart", "Dart", 0, 0, 0, 8, 0, 0, 0, 0, 0, 0, 0, 0, 0, 0, 0, 0, 5, 3, 16
"/Users/carltonaikins/Desktop/Home/Programming/projects/budgetme/budgetme_mobileapp/packages/gsheet_to_arb/lib/gsheet_to_arb.dart", "Dart", 0, 0, 0, 5, 0, 0, 0, 0, 0, 0, 0, 0, 0, 0, 0, 0, 5, 3, 13
"/Users/carltonaikins/Desktop/Home/Programming/projects/budgetme/budgetme_mobileapp/packages/gsheet_to_arb/lib/src/arb/arb.dart", "Dart", 0, 0, 0, 105, 0, 0, 0, 0, 0, 0, 0, 0, 0, 0, 0, 0, 6, 26, 137
"/Users/carltonaikins/Desktop/Home/Programming/projects/budgetme/budgetme_mobileapp/packages/gsheet_to_arb/lib/src/arb/arb_serializer.dart", "Dart", 0, 0, 0, 33, 0, 0, 0, 0, 0, 0, 0, 0, 0, 0, 0, 0, 5, 9, 47
"/Users/carltonaikins/Desktop/Home/Programming/projects/budgetme/budgetme_mobileapp/packages/gsheet_to_arb/lib/src/config/plugin_config.dart", "Dart", 0, 0, 0, 163, 0, 0, 0, 0, 0, 0, 0, 0, 0, 0, 0, 0, 23, 58, 244
"/Users/carltonaikins/Desktop/Home/Programming/projects/budgetme/budgetme_mobileapp/packages/gsheet_to_arb/lib/src/config/plugin_config.g.dart", "Dart", 0, 0, 0, 117, 0, 0, 0, 0, 0, 0, 0, 0, 0, 0, 0, 0, 4, 19, 140
"/Users/carltonaikins/Desktop/Home/Programming/projects/budgetme/budgetme_mobileapp/packages/gsheet_to_arb/lib/src/config/plugin_config_manager.dart", "Dart", 0, 0, 0, 80, 0, 0, 0, 0, 0, 0, 0, 0, 0, 0, 0, 0, 5, 18, 103
"/Users/carltonaikins/Desktop/Home/Programming/projects/budgetme/budgetme_mobileapp/packages/gsheet_to_arb/lib/src/dart/_icu_parser.dart", "Dart", 0, 0, 0, 55, 0, 0, 0, 0, 0, 0, 0, 0, 0, 0, 0, 0, 9, 18, 82
"/Users/carltonaikins/Desktop/Home/Programming/projects/budgetme/budgetme_mobileapp/packages/gsheet_to_arb/lib/src/dart/_intl_translation_generator.dart", "Dart", 0, 0, 0, 77, 0, 0, 0, 0, 0, 0, 0, 0, 0, 0, 0, 0, 23, 22, 122
"/Users/carltonaikins/Desktop/Home/Programming/projects/budgetme/budgetme_mobileapp/packages/gsheet_to_arb/lib/src/dart/arb_to_dart_generator.dart", "Dart", 0, 0, 0, 231, 0, 0, 0, 0, 0, 0, 0, 0, 0, 0, 0, 0, 9, 43, 283
"/Users/carltonaikins/Desktop/Home/Programming/projects/budgetme/budgetme_mobileapp/packages/gsheet_to_arb/lib/src/gsheet/ghseet_importer.dart", "Dart", 0, 0, 0, 98, 0, 0, 0, 0, 0, 0, 0, 0, 0, 0, 0, 0, 4, 28, 130
"/Users/carltonaikins/Desktop/Home/Programming/projects/budgetme/budgetme_mobileapp/packages/gsheet_to_arb/lib/src/gsheet_to_arb.dart", "Dart", 0, 0, 0, 31, 0, 0, 0, 0, 0, 0, 0, 0, 0, 0, 0, 0, 4, 12, 47
"/Users/carltonaikins/Desktop/Home/Programming/projects/budgetme/budgetme_mobileapp/packages/gsheet_to_arb/lib/src/parser/_common_parser.dart", "Dart", 0, 0, 0, 140, 0, 0, 0, 0, 0, 0, 0, 0, 0, 0, 0, 0, 5, 25, 170
"/Users/carltonaikins/Desktop/Home/Programming/projects/budgetme/budgetme_mobileapp/packages/gsheet_to_arb/lib/src/parser/_gender_parser.dart", "Dart", 0, 0, 0, 31, 0, 0, 0, 0, 0, 0, 0, 0, 0, 0, 0, 0, 3, 9, 43
"/Users/carltonaikins/Desktop/Home/Programming/projects/budgetme/budgetme_mobileapp/packages/gsheet_to_arb/lib/src/parser/_plurals_parser.dart", "Dart", 0, 0, 0, 37, 0, 0, 0, 0, 0, 0, 0, 0, 0, 0, 0, 0, 3, 9, 49
"/Users/carltonaikins/Desktop/Home/Programming/projects/budgetme/budgetme_mobileapp/packages/gsheet_to_arb/lib/src/parser/translation_parser.dart", "Dart", 0, 0, 0, 133, 0, 0, 0, 0, 0, 0, 0, 0, 0, 0, 0, 0, 15, 31, 179
"/Users/carltonaikins/Desktop/Home/Programming/projects/budgetme/budgetme_mobileapp/packages/gsheet_to_arb/lib/src/translation_document.dart", "Dart", 0, 0, 0, 22, 0, 0, 0, 0, 0, 0, 0, 0, 0, 0, 0, 0, 0, 5, 27
"/Users/carltonaikins/Desktop/Home/Programming/projects/budgetme/budgetme_mobileapp/packages/gsheet_to_arb/lib/src/utils/file_utils.dart", "Dart", 0, 0, 0, 30, 0, 0, 0, 0, 0, 0, 0, 0, 0, 0, 0, 0, 5, 7, 42
"/Users/carltonaikins/Desktop/Home/Programming/projects/budgetme/budgetme_mobileapp/packages/gsheet_to_arb/lib/src/utils/log.dart", "Dart", 0, 0, 0, 66, 0, 0, 0, 0, 0, 0, 0, 0, 0, 0, 0, 0, 5, 21, 92
"/Users/carltonaikins/Desktop/Home/Programming/projects/budgetme/budgetme_mobileapp/packages/gsheet_to_arb/lib/src/utils/yaml_utils.dart", "Dart", 0, 0, 0, 91, 0, 0, 0, 0, 0, 0, 0, 0, 0, 0, 0, 0, 4, 19, 114
"/Users/carltonaikins/Desktop/Home/Programming/projects/budgetme/budgetme_mobileapp/packages/gsheet_to_arb/pubspec.yaml", "YAML", 0, 0, 0, 0, 30, 0, 0, 0, 0, 0, 0, 0, 0, 0, 0, 0, 0, 6, 36
"/Users/carltonaikins/Desktop/Home/Programming/projects/budgetme/budgetme_mobileapp/packages/gsheet_to_arb/test/arb/arb_utils_test.dart", "Dart", 0, 0, 0, 8, 0, 0, 0, 0, 0, 0, 0, 0, 0, 0, 0, 0, 18, 4, 30
"/Users/carltonaikins/Desktop/Home/Programming/projects/budgetme/budgetme_mobileapp/packages/gsheet_to_arb/test/gsheet_to_arb_test.dart", "Dart", 0, 0, 0, 7, 0, 0, 0, 0, 0, 0, 0, 0, 0, 0, 0, 0, 5, 4, 16
"/Users/carltonaikins/Desktop/Home/Programming/projects/budgetme/budgetme_mobileapp/packages/intl_generator/CHANGELOG.md", "Markdown", 9, 0, 0, 0, 0, 0, 0, 0, 0, 0, 0, 0, 0, 0, 0, 0, 0, 5, 14
"/Users/carltonaikins/Desktop/Home/Programming/projects/budgetme/budgetme_mobileapp/packages/intl_generator/README.md", "Markdown", 42, 0, 0, 0, 0, 0, 0, 0, 0, 0, 0, 0, 0, 0, 0, 0, 0, 15, 57
"/Users/carltonaikins/Desktop/Home/Programming/projects/budgetme/budgetme_mobileapp/packages/intl_generator/bin/extract_to_arb.dart", "Dart", 0, 0, 0, 86, 0, 0, 0, 0, 0, 0, 0, 0, 0, 0, 0, 0, 6, 7, 99
"/Users/carltonaikins/Desktop/Home/Programming/projects/budgetme/budgetme_mobileapp/packages/intl_generator/bin/generate_from_arb.dart", "Dart", 0, 0, 0, 126, 0, 0, 0, 0, 0, 0, 0, 0, 0, 0, 0, 0, 40, 21, 187
"/Users/carltonaikins/Desktop/Home/Programming/projects/budgetme/budgetme_mobileapp/packages/intl_generator/bin/make_examples_const.dart", "Dart", 0, 0, 0, 58, 0, 0, 0, 0, 0, 0, 0, 0, 0, 0, 0, 0, 9, 8, 75
"/Users/carltonaikins/Desktop/Home/Programming/projects/budgetme/budgetme_mobileapp/packages/intl_generator/bin/rewrite_intl_messages.dart", "Dart", 0, 0, 0, 55, 0, 0, 0, 0, 0, 0, 0, 0, 0, 0, 0, 0, 11, 7, 73
"/Users/carltonaikins/Desktop/Home/Programming/projects/budgetme/budgetme_mobileapp/packages/intl_generator/lib/extract_messages.dart", "Dart", 0, 0, 0, 425, 0, 0, 0, 0, 0, 0, 0, 0, 0, 0, 0, 0, 147, 78, 650
"/Users/carltonaikins/Desktop/Home/Programming/projects/budgetme/budgetme_mobileapp/packages/intl_generator/lib/generate_localized.dart", "Dart", 0, 0, 0, 306, 0, 0, 0, 0, 0, 0, 0, 0, 0, 0, 0, 0, 130, 70, 506
"/Users/carltonaikins/Desktop/Home/Programming/projects/budgetme/budgetme_mobileapp/packages/intl_generator/lib/src/arb_generation.dart", "Dart", 0, 0, 0, 70, 0, 0, 0, 0, 0, 0, 0, 0, 0, 0, 0, 0, 10, 12, 92
"/Users/carltonaikins/Desktop/Home/Programming/projects/budgetme/budgetme_mobileapp/packages/intl_generator/lib/src/directory_utils.dart", "Dart", 0, 0, 0, 20, 0, 0, 0, 0, 0, 0, 0, 0, 0, 0, 0, 0, 8, 5, 33
"/Users/carltonaikins/Desktop/Home/Programming/projects/budgetme/budgetme_mobileapp/packages/intl_generator/lib/src/icu_parser.dart", "Dart", 0, 0, 0, 67, 0, 0, 0, 0, 0, 0, 0, 0, 0, 0, 0, 0, 17, 19, 103
"/Users/carltonaikins/Desktop/Home/Programming/projects/budgetme/budgetme_mobileapp/packages/intl_generator/lib/src/intl_message.dart", "Dart", 0, 0, 0, 572, 0, 0, 0, 0, 0, 0, 0, 0, 0, 0, 0, 0, 243, 117, 932
"/Users/carltonaikins/Desktop/Home/Programming/projects/budgetme/budgetme_mobileapp/packages/intl_generator/lib/src/message_rewriter.dart", "Dart", 0, 0, 0, 58, 0, 0, 0, 0, 0, 0, 0, 0, 0, 0, 0, 0, 21, 8, 87
"/Users/carltonaikins/Desktop/Home/Programming/projects/budgetme/budgetme_mobileapp/packages/intl_generator/pubspec.yaml", "YAML", 0, 0, 0, 0, 19, 0, 0, 0, 0, 0, 0, 0, 0, 0, 0, 0, 0, 3, 22
"/Users/carltonaikins/Desktop/Home/Programming/projects/budgetme/budgetme_mobileapp/packages/intl_generator/test/data_directory.dart", "Dart", 0, 0, 0, 19, 0, 0, 0, 0, 0, 0, 0, 0, 0, 0, 0, 0, 15, 8, 42
"/Users/carltonaikins/Desktop/Home/Programming/projects/budgetme/budgetme_mobileapp/packages/intl_generator/test/intl_message_test.dart", "Dart", 0, 0, 0, 44, 0, 0, 0, 0, 0, 0, 0, 0, 0, 0, 0, 0, 3, 3, 50
"/Users/carltonaikins/Desktop/Home/Programming/projects/budgetme/budgetme_mobileapp/packages/intl_generator/test/message_extraction/embedded_plural_text_after.dart", "Dart", 0, 0, 0, 5, 0, 0, 0, 0, 0, 0, 0, 0, 0, 0, 0, 0, 5, 4, 14
"/Users/carltonaikins/Desktop/Home/Programming/projects/budgetme/budgetme_mobileapp/packages/intl_generator/test/message_extraction/embedded_plural_text_after_test.dart", "Dart", 0, 0, 0, 14, 0, 0, 0, 0, 0, 0, 0, 0, 0, 0, 0, 0, 3, 5, 22
"/Users/carltonaikins/Desktop/Home/Programming/projects/budgetme/budgetme_mobileapp/packages/intl_generator/test/message_extraction/embedded_plural_text_before.dart", "Dart", 0, 0, 0, 5, 0, 0, 0, 0, 0, 0, 0, 0, 0, 0, 0, 0, 5, 4, 14
"/Users/carltonaikins/Desktop/Home/Programming/projects/budgetme/budgetme_mobileapp/packages/intl_generator/test/message_extraction/embedded_plural_text_before_test.dart", "Dart", 0, 0, 0, 14, 0, 0, 0, 0, 0, 0, 0, 0, 0, 0, 0, 0, 3, 5, 22
"/Users/carltonaikins/Desktop/Home/Programming/projects/budgetme/budgetme_mobileapp/packages/intl_generator/test/message_extraction/examples_parsing_test.dart", "Dart", 0, 0, 0, 14, 0, 0, 0, 0, 0, 0, 0, 0, 0, 0, 0, 0, 6, 5, 25
"/Users/carltonaikins/Desktop/Home/Programming/projects/budgetme/budgetme_mobileapp/packages/intl_generator/test/message_extraction/failed_extraction_test.dart", "Dart", 0, 0, 0, 41, 0, 0, 0, 0, 0, 0, 0, 0, 0, 0, 0, 0, 3, 12, 56
"/Users/carltonaikins/Desktop/Home/Programming/projects/budgetme/budgetme_mobileapp/packages/intl_generator/test/message_extraction/find_messages_test.dart", "Dart", 0, 0, 0, 127, 0, 0, 0, 0, 0, 0, 0, 0, 0, 0, 0, 0, 4, 23, 154
"/Users/carltonaikins/Desktop/Home/Programming/projects/budgetme/budgetme_mobileapp/packages/intl_generator/test/message_extraction/foo_messages_all.dart", "Dart", 0, 0, 0, 4, 0, 0, 0, 0, 0, 0, 0, 0, 0, 0, 0, 0, 3, 3, 10
"/Users/carltonaikins/Desktop/Home/Programming/projects/budgetme/budgetme_mobileapp/packages/intl_generator/test/message_extraction/make_hardcoded_translation.dart", "Dart", 0, 0, 0, 163, 0, 0, 0, 0, 0, 0, 0, 0, 0, 0, 0, 0, 16, 12, 191
"/Users/carltonaikins/Desktop/Home/Programming/projects/budgetme/budgetme_mobileapp/packages/intl_generator/test/message_extraction/message_extraction_json_test.dart", "Dart", 0, 0, 0, 7, 0, 0, 0, 0, 0, 0, 0, 0, 0, 0, 0, 0, 5, 6, 18
"/Users/carltonaikins/Desktop/Home/Programming/projects/budgetme/budgetme_mobileapp/packages/intl_generator/test/message_extraction/message_extraction_no_deferred_test.dart", "Dart", 0, 0, 0, 8, 0, 0, 0, 0, 0, 0, 0, 0, 0, 0, 0, 0, 5, 6, 19
"/Users/carltonaikins/Desktop/Home/Programming/projects/budgetme/budgetme_mobileapp/packages/intl_generator/test/message_extraction/message_extraction_test.dart", "Dart", 0, 0, 0, 142, 0, 0, 0, 0, 0, 0, 0, 0, 0, 0, 0, 0, 25, 26, 193
"/Users/carltonaikins/Desktop/Home/Programming/projects/budgetme/budgetme_mobileapp/packages/intl_generator/test/message_extraction/part_of_sample_with_messages.dart", "Dart", 0, 0, 0, 64, 0, 0, 0, 0, 0, 0, 0, 0, 0, 0, 0, 0, 8, 11, 83
"/Users/carltonaikins/Desktop/Home/Programming/projects/budgetme/budgetme_mobileapp/packages/intl_generator/test/message_extraction/print_to_list.dart", "Dart", 0, 0, 0, 5, 0, 0, 0, 0, 0, 0, 0, 0, 0, 0, 0, 0, 2, 4, 11
"/Users/carltonaikins/Desktop/Home/Programming/projects/budgetme/budgetme_mobileapp/packages/intl_generator/test/message_extraction/really_fail_extraction_test.dart", "Dart", 0, 0, 0, 9, 0, 0, 0, 0, 0, 0, 0, 0, 0, 0, 0, 0, 3, 5, 17
"/Users/carltonaikins/Desktop/Home/Programming/projects/budgetme/budgetme_mobileapp/packages/intl_generator/test/message_extraction/run_and_verify.dart", "Dart", 0, 0, 0, 25, 0, 0, 0, 0, 0, 0, 0, 0, 0, 0, 0, 0, 4, 7, 36
"/Users/carltonaikins/Desktop/Home/Programming/projects/budgetme/budgetme_mobileapp/packages/intl_generator/test/message_extraction/sample_with_messages.dart", "Dart", 0, 0, 0, 240, 0, 0, 0, 0, 0, 0, 0, 0, 0, 0, 0, 0, 40, 47, 327
"/Users/carltonaikins/Desktop/Home/Programming/projects/budgetme/budgetme_mobileapp/packages/intl_generator/test/message_extraction/verify_messages.dart", "Dart", 0, 0, 0, 215, 0, 0, 0, 0, 0, 0, 0, 0, 0, 0, 0, 0, 4, 9, 228
"/Users/carltonaikins/Desktop/Home/Programming/projects/budgetme/budgetme_mobileapp/packages/intl_generator/test/two_components/app_messages_all.dart", "Dart", 0, 0, 0, 43, 0, 0, 0, 0, 0, 0, 0, 0, 0, 0, 0, 0, 5, 9, 57
"/Users/carltonaikins/Desktop/Home/Programming/projects/budgetme/budgetme_mobileapp/packages/intl_generator/test/two_components/app_messages_fr.dart", "Dart", 0, 0, 0, 13, 0, 0, 0, 0, 0, 0, 0, 0, 0, 0, 0, 0, 6, 7, 26
"/Users/carltonaikins/Desktop/Home/Programming/projects/budgetme/budgetme_mobileapp/packages/intl_generator/test/two_components/app_translation_getfromthelocale.arb", "JSON", 0, 0, 5, 0, 0, 0, 0, 0, 0, 0, 0, 0, 0, 0, 0, 0, 0, 1, 6
"/Users/carltonaikins/Desktop/Home/Programming/projects/budgetme/budgetme_mobileapp/packages/intl_generator/test/two_components/component.dart", "Dart", 0, 0, 0, 10, 0, 0, 0, 0, 0, 0, 0, 0, 0, 0, 0, 0, 9, 10, 29
"/Users/carltonaikins/Desktop/Home/Programming/projects/budgetme/budgetme_mobileapp/packages/intl_generator/test/two_components/component_messages_all.dart", "Dart", 0, 0, 0, 43, 0, 0, 0, 0, 0, 0, 0, 0, 0, 0, 0, 0, 5, 9, 57
"/Users/carltonaikins/Desktop/Home/Programming/projects/budgetme/budgetme_mobileapp/packages/intl_generator/test/two_components/component_messages_fr_xyz123.dart", "Dart", 0, 0, 0, 14, 0, 0, 0, 0, 0, 0, 0, 0, 0, 0, 0, 0, 6, 7, 27
"/Users/carltonaikins/Desktop/Home/Programming/projects/budgetme/budgetme_mobileapp/packages/intl_generator/test/two_components/component_translation_fr.arb", "JSON", 0, 0, 5, 0, 0, 0, 0, 0, 0, 0, 0, 0, 0, 0, 0, 0, 0, 1, 6
"/Users/carltonaikins/Desktop/Home/Programming/projects/budgetme/budgetme_mobileapp/packages/intl_generator/test/two_components/initialize_child_test.dart", "Dart", 0, 0, 0, 11, 0, 0, 0, 0, 0, 0, 0, 0, 0, 0, 0, 0, 8, 4, 23
"/Users/carltonaikins/Desktop/Home/Programming/projects/budgetme/budgetme_mobileapp/packages/intl_generator/test/two_components/main_app_test.dart", "Dart", 0, 0, 0, 15, 0, 0, 0, 0, 0, 0, 0, 0, 0, 0, 0, 0, 4, 5, 24
"/Users/carltonaikins/Desktop/Home/Programming/projects/budgetme/budgetme_mobileapp/pubspec.yaml", "YAML", 0, 0, 0, 0, 105, 0, 0, 0, 0, 0, 0, 0, 0, 0, 0, 0, 51, 23, 179
"/Users/carltonaikins/Desktop/Home/Programming/projects/budgetme/budgetme_mobileapp/scripts/git_committer.py", "Python", 0, 23, 0, 0, 0, 0, 0, 0, 0, 0, 0, 0, 0, 0, 0, 0, 9, 12, 44
"/Users/carltonaikins/Desktop/Home/Programming/projects/budgetme/budgetme_mobileapp/scripts/license_tool.py", "Python", 0, 26, 0, 0, 0, 0, 0, 0, 0, 0, 0, 0, 0, 0, 0, 0, 8, 13, 47
"/Users/carltonaikins/Desktop/Home/Programming/projects/budgetme/budgetme_website/README.md", "Markdown", 28, 0, 0, 0, 0, 0, 0, 0, 0, 0, 0, 0, 0, 0, 0, 0, 0, 21, 49
"/Users/carltonaikins/Desktop/Home/Programming/projects/budgetme/budgetme_website/index.html", "HTML", 0, 0, 0, 0, 0, 0, 0, 0, 0, 0, 0, 0, 0, 17, 0, 0, 0, 1, 18
"/Users/carltonaikins/Desktop/Home/Programming/projects/budgetme/budgetme_website/package-lock.json", "JSON", 0, 0, 4844, 0, 0, 0, 0, 0, 0, 0, 0, 0, 0, 0, 0, 0, 0, 1, 4845
"/Users/carltonaikins/Desktop/Home/Programming/projects/budgetme/budgetme_website/package.json", "JSON", 0, 0, 29, 0, 0, 0, 0, 0, 0, 0, 0, 0, 0, 0, 0, 0, 0, 1, 30
"/Users/carltonaikins/Desktop/Home/Programming/projects/budgetme/budgetme_website/postcss.config.cjs", "JavaScript", 0, 0, 0, 0, 0, 0, 0, 0, 6, 0, 0, 0, 0, 0, 0, 0, 0, 1, 7
"/Users/carltonaikins/Desktop/Home/Programming/projects/budgetme/budgetme_website/public/build/bundle.css", "CSS", 0, 0, 0, 0, 0, 0, 0, 0, 0, 0, 0, 1, 0, 0, 0, 0, 2, 0, 3
"/Users/carltonaikins/Desktop/Home/Programming/projects/budgetme/budgetme_website/public/build/bundle.js", "JavaScript", 0, 0, 0, 0, 0, 0, 0, 0, 2813, 0, 0, 0, 0, 0, 0, 0, 175, 298, 3286
"/Users/carltonaikins/Desktop/Home/Programming/projects/budgetme/budgetme_website/scripts/license_tool.py", "Python", 0, 37, 0, 0, 0, 0, 0, 0, 0, 0, 0, 0, 0, 0, 0, 0, 8, 15, 60
"/Users/carltonaikins/Desktop/Home/Programming/projects/budgetme/budgetme_website/src/App.svelte", "Svelte", 0, 0, 0, 0, 0, 0, 0, 0, 0, 0, 17, 0, 0, 0, 0, 0, 17, 5, 39
"/Users/carltonaikins/Desktop/Home/Programming/projects/budgetme/budgetme_website/src/app.css", "CSS", 0, 0, 0, 0, 0, 0, 0, 0, 0, 0, 0, 38, 0, 0, 0, 0, 17, 8, 63
"/Users/carltonaikins/Desktop/Home/Programming/projects/budgetme/budgetme_website/src/global.d.ts", "TypeScript", 0, 0, 0, 0, 0, 0, 0, 0, 0, 0, 0, 0, 0, 0, 0, 0, 18, 2, 20
"/Users/carltonaikins/Desktop/Home/Programming/projects/budgetme/budgetme_website/src/lib/components/AboutPage/AboutMockupSection.svelte", "Svelte", 0, 0, 0, 0, 0, 0, 0, 0, 0, 0, 29, 0, 0, 0, 0, 0, 17, 3, 49
"/Users/carltonaikins/Desktop/Home/Programming/projects/budgetme/budgetme_website/src/lib/components/AppStoreDownloadButton.svelte", "Svelte", 0, 0, 0, 0, 0, 0, 0, 0, 0, 0, 3, 0, 0, 0, 0, 0, 17, 2, 22
"/Users/carltonaikins/Desktop/Home/Programming/projects/budgetme/budgetme_website/src/lib/components/Banner.svelte", "Svelte", 0, 0, 0, 0, 0, 0, 0, 0, 0, 0, 7, 0, 0, 0, 0, 0, 17, 2, 26
"/Users/carltonaikins/Desktop/Home/Programming/projects/budgetme/budgetme_website/src/lib/components/Footer.svelte", "Svelte", 0, 0, 0, 0, 0, 0, 0, 0, 0, 0, 156, 0, 0, 0, 0, 0, 17, 6, 179
"/Users/carltonaikins/Desktop/Home/Programming/projects/budgetme/budgetme_website/src/lib/components/GooglePlayDownloadButton.svelte", "Svelte", 0, 0, 0, 0, 0, 0, 0, 0, 0, 0, 3, 0, 0, 0, 0, 0, 17, 2, 22
"/Users/carltonaikins/Desktop/Home/Programming/projects/budgetme/budgetme_website/src/lib/components/Header.svelte", "Svelte", 0, 0, 0, 0, 0, 0, 0, 0, 0, 0, 14, 0, 0, 0, 0, 0, 17, 3, 34
"/Users/carltonaikins/Desktop/Home/Programming/projects/budgetme/budgetme_website/src/lib/components/HomePage/HeroSection.svelte", "Svelte", 0, 0, 0, 0, 0, 0, 0, 0, 0, 0, 33, 0, 0, 0, 0, 0, 17, 3, 53
"/Users/carltonaikins/Desktop/Home/Programming/projects/budgetme/budgetme_website/src/lib/components/Logo.svelte", "Svelte", 0, 0, 0, 0, 0, 0, 0, 0, 0, 0, 4, 0, 0, 0, 0, 0, 17, 2, 23
"/Users/carltonaikins/Desktop/Home/Programming/projects/budgetme/budgetme_website/src/lib/components/ModalContent.svelte", "Svelte", 0, 0, 0, 0, 0, 0, 0, 0, 0, 0, 6, 0, 0, 0, 0, 0, 18, 3, 27
"/Users/carltonaikins/Desktop/Home/Programming/projects/budgetme/budgetme_website/src/lib/components/Navbar.svelte", "Svelte", 0, 0, 0, 0, 0, 0, 0, 0, 0, 0, 133, 0, 0, 0, 0, 0, 20, 13, 166
"/Users/carltonaikins/Desktop/Home/Programming/projects/budgetme/budgetme_website/src/lib/components/Popup.svelte", "Svelte", 0, 0, 0, 0, 0, 0, 0, 0, 0, 0, 4, 0, 0, 0, 0, 0, 17, 3, 24
"/Users/carltonaikins/Desktop/Home/Programming/projects/budgetme/budgetme_website/src/lib/components/PrivacyPolicyPage/PrivacyPolicySection.svelte", "Svelte", 0, 0, 0, 0, 0, 0, 0, 0, 0, 0, 34, 0, 0, 0, 0, 0, 17, 5, 56
"/Users/carltonaikins/Desktop/Home/Programming/projects/budgetme/budgetme_website/src/lib/components/SecondaryLogo.svelte", "Svelte", 0, 0, 0, 0, 0, 0, 0, 0, 0, 0, 3, 0, 0, 0, 0, 0, 17, 2, 22
"/Users/carltonaikins/Desktop/Home/Programming/projects/budgetme/budgetme_website/src/lib/components/SupportPage/EmailCard.svelte", "Svelte", 0, 0, 0, 0, 0, 0, 0, 0, 0, 0, 32, 0, 0, 0, 0, 0, 17, 3, 52
"/Users/carltonaikins/Desktop/Home/Programming/projects/budgetme/budgetme_website/src/lib/components/SupportPage/InstagramCard.svelte", "Svelte", 0, 0, 0, 0, 0, 0, 0, 0, 0, 0, 34, 0, 0, 0, 0, 0, 17, 4, 55
"/Users/carltonaikins/Desktop/Home/Programming/projects/budgetme/budgetme_website/src/lib/components/SupportPage/LinkedInCard.svelte", "Svelte", 0, 0, 0, 0, 0, 0, 0, 0, 0, 0, 34, 0, 0, 0, 0, 0, 17, 4, 55
"/Users/carltonaikins/Desktop/Home/Programming/projects/budgetme/budgetme_website/src/lib/components/SupportPage/TwitterCard.svelte", "Svelte", 0, 0, 0, 0, 0, 0, 0, 0, 0, 0, 34, 0, 0, 0, 0, 0, 17, 4, 55
"/Users/carltonaikins/Desktop/Home/Programming/projects/budgetme/budgetme_website/src/main.ts", "TypeScript", 0, 0, 0, 0, 0, 0, 0, 0, 0, 5, 0, 0, 0, 0, 0, 0, 17, 4, 26
"/Users/carltonaikins/Desktop/Home/Programming/projects/budgetme/budgetme_website/src/routes/About.svelte", "Svelte", 0, 0, 0, 0, 0, 0, 0, 0, 0, 0, 39, 0, 0, 0, 0, 0, 17, 4, 60
"/Users/carltonaikins/Desktop/Home/Programming/projects/budgetme/budgetme_website/src/routes/Home.svelte", "Svelte", 0, 0, 0, 0, 0, 0, 0, 0, 0, 0, 17, 0, 0, 0, 0, 0, 17, 3, 37
"/Users/carltonaikins/Desktop/Home/Programming/projects/budgetme/budgetme_website/src/routes/PrivacyPolicy.svelte", "Svelte", 0, 0, 0, 0, 0, 0, 0, 0, 0, 0, 86, 0, 0, 0, 0, 0, 17, 4, 107
"/Users/carltonaikins/Desktop/Home/Programming/projects/budgetme/budgetme_website/src/routes/Support.svelte", "Svelte", 0, 0, 0, 0, 0, 0, 0, 0, 0, 0, 30, 0, 0, 0, 0, 0, 17, 3, 50
"/Users/carltonaikins/Desktop/Home/Programming/projects/budgetme/budgetme_website/src/routes/__layout.svelte", "Svelte", 0, 0, 0, 0, 0, 0, 0, 0, 0, 0, 4, 0, 0, 0, 0, 0, 17, 2, 23
"/Users/carltonaikins/Desktop/Home/Programming/projects/budgetme/budgetme_website/src/vite-env.d.ts", "TypeScript", 0, 0, 0, 0, 0, 0, 0, 0, 0, 0, 0, 0, 0, 0, 0, 0, 19, 2, 21
"/Users/carltonaikins/Desktop/Home/Programming/projects/budgetme/budgetme_website/svelte.config.js", "JavaScript", 0, 0, 0, 0, 0, 0, 0, 0, 4, 0, 0, 0, 0, 0, 0, 0, 2, 2, 8
"/Users/carltonaikins/Desktop/Home/Programming/projects/budgetme/budgetme_website/tailwind.config.cjs", "JavaScript", 0, 0, 0, 0, 0, 0, 0, 0, 34, 0, 0, 0, 0, 0, 0, 0, 1, 2, 37
"/Users/carltonaikins/Desktop/Home/Programming/projects/budgetme/budgetme_website/tsconfig.json", "JSON with Comments", 0, 0, 0, 0, 0, 0, 0, 0, 0, 0, 0, 0, 15, 0, 0, 0, 8, 0, 23
"/Users/carltonaikins/Desktop/Home/Programming/projects/budgetme/budgetme_website/tsconfig.node.json", "JSON", 0, 0, 8, 0, 0, 0, 0, 0, 0, 0, 0, 0, 0, 0, 0, 0, 0, 1, 9
"/Users/carltonaikins/Desktop/Home/Programming/projects/budgetme/budgetme_website/vite.config.ts", "TypeScript", 0, 0, 0, 0, 0, 0, 0, 0, 0, 5, 0, 0, 0, 0, 0, 0, 1, 2, 8
"Total", "-", 660, 86, 8551, 12212, 180, 97, 8, 129, 2857, 10, 756, 39, 15, 17, 15, 1, 3340, 2846, 31819